province,grid_type,grid_id,y_power,y_chem,assigned_sector
Xinjiang,land,R11_C27,-0.0,-0.0,none
Xinjiang,land,R12_C25,-0.0,-0.0,none
Xinjiang,land,R12_C26,-0.0,-0.0,none
Xinjiang,land,R12_C27,-0.0,-0.0,none
Xinjiang,land,R13_C25,-0.0,0.0,none
Xinjiang,land,R13_C26,-0.0,-0.0,none
Xinjiang,land,R13_C27,-0.0,-0.0,none
Xinjiang,land,R13_C28,-0.0,-0.0,none
Xinjiang,land,R14_C20,-0.0,-0.0,none
Xinjiang,land,R14_C25,-0.0,-0.0,none
Xinjiang,land,R14_C26,-0.0,-0.0,none
Xinjiang,land,R14_C27,1.0,-0.0,power
Xinjiang,land,R14_C28,-0.0,-0.0,none
Xinjiang,land,R14_C29,0.0,0.0,none
Xinjiang,land,R14_C30,0.0,0.0,none
Xinjiang,land,R15_C20,-0.0,-0.0,none
Xinjiang,land,R15_C21,-0.0,-0.0,none
Xinjiang,land,R15_C22,-0.0,-0.0,none
Xinjiang,land,R15_C23,-0.0,-0.0,none
Xinjiang,land,R15_C24,-0.0,-0.0,none
Xinjiang,land,R15_C25,-0.0,-0.0,none
Xinjiang,land,R15_C26,-0.0,-0.0,none
Xinjiang,land,R15_C27,-0.0,-0.0,none
Xinjiang,land,R15_C28,-0.0,-0.0,none
Xinjiang,land,R15_C29,-0.0,-0.0,none
Xinjiang,land,R15_C30,-0.0,-0.0,none
Xinjiang,land,R16_C19,-0.0,-0.0,none
Xinjiang,land,R16_C20,-0.0,-0.0,none
Xinjiang,land,R16_C21,1.0,-0.0,power
Xinjiang,land,R16_C22,-0.0,1.0,chem
Xinjiang,land,R16_C23,-0.0,-0.0,none
Xinjiang,land,R16_C24,-0.0,-0.0,none
Xinjiang,land,R16_C25,-0.0,-0.0,none
Xinjiang,land,R16_C26,-0.0,-0.0,none
Xinjiang,land,R16_C27,-0.0,-0.0,none
Xinjiang,land,R16_C28,-0.0,-0.0,none
Xinjiang,land,R16_C29,-0.0,-0.0,none
Xinjiang,land,R16_C30,-0.0,-0.0,none
Xinjiang,land,R16_C31,-0.0,-0.0,none
Xinjiang,land,R17_C19,-0.0,-0.0,none
Xinjiang,land,R17_C20,-0.0,-0.0,none
Xinjiang,land,R17_C21,1.0,-0.0,power
Xinjiang,land,R17_C22,1.0,-0.0,power
Xinjiang,land,R17_C23,-0.0,1.0,chem
Xinjiang,land,R17_C24,-0.0,-0.0,none
Xinjiang,land,R17_C25,-0.0,-0.0,none
Xinjiang,land,R17_C26,-0.0,-0.0,none
Xinjiang,land,R17_C27,-0.0,-0.0,none
Xinjiang,land,R17_C28,-0.0,-0.0,none
Xinjiang,land,R17_C29,-0.0,-0.0,none
Xinjiang,land,R17_C30,-0.0,-0.0,none
Xinjiang,land,R17_C31,-0.0,-0.0,none
Xinjiang,land,R18_C15,-0.0,-0.0,none
Xinjiang,land,R18_C16,-0.0,-0.0,none
Xinjiang,land,R18_C17,-0.0,-0.0,none
Xinjiang,land,R18_C18,-0.0,-0.0,none
Xinjiang,land,R18_C19,-0.0,-0.0,none
Xinjiang,land,R18_C20,-0.0,-0.0,none
Xinjiang,land,R18_C21,-0.0,0.0,none
Xinjiang,land,R18_C22,1.0,0.0,power
Xinjiang,land,R18_C23,-0.0,-0.0,none
Xinjiang,land,R18_C24,-0.0,-0.0,none
Xinjiang,land,R18_C25,-0.0,-0.0,none
Xinjiang,land,R18_C26,-0.0,-0.0,none
Xinjiang,land,R18_C27,-0.0,-0.0,none
Xinjiang,land,R18_C28,-0.0,-0.0,none
Xinjiang,land,R18_C29,-0.0,-0.0,none
Xinjiang,land,R18_C30,-0.0,-0.0,none
Xinjiang,land,R19_C15,-0.0,-0.0,none
Xinjiang,land,R19_C16,-0.0,-0.0,none
Xinjiang,land,R19_C17,-0.0,-0.0,none
Xinjiang,land,R19_C18,-0.0,-0.0,none
Xinjiang,land,R19_C19,-0.0,-0.0,none
Xinjiang,land,R19_C20,-0.0,-0.0,none
Xinjiang,land,R19_C21,-0.0,0.0,none
Xinjiang,land,R19_C22,-0.0,-0.0,none
Xinjiang,land,R19_C23,-0.0,0.0,none
Xinjiang,land,R19_C24,-0.0,-0.0,none
Xinjiang,land,R19_C25,-0.0,0.0,none
Xinjiang,land,R19_C26,-0.0,-0.0,none
Xinjiang,land,R19_C27,1.0,-0.0,power
Xinjiang,land,R19_C28,-0.0,-0.0,none
Xinjiang,land,R19_C29,-0.0,-0.0,none
Xinjiang,land,R19_C30,-0.0,-0.0,none
Xinjiang,land,R20_C16,1.0,-0.0,power
Xinjiang,land,R20_C17,1.0,-0.0,power
Xinjiang,land,R20_C18,-0.0,-0.0,none
Xinjiang,land,R20_C19,-0.0,-0.0,none
Xinjiang,land,R20_C20,-0.0,-0.0,none
Xinjiang,land,R20_C21,-0.0,0.0,none
Xinjiang,land,R20_C22,-0.0,-0.0,none
Xinjiang,land,R20_C23,-0.0,0.0,none
Xinjiang,land,R20_C24,-0.0,-0.0,none
Xinjiang,land,R20_C25,-0.0,0.0,none
Xinjiang,land,R20_C26,1.0,-0.0,power
Xinjiang,land,R20_C27,1.0,-0.0,power
Xinjiang,land,R20_C28,-0.0,-0.0,none
Xinjiang,land,R20_C29,1.0,-0.0,power
Xinjiang,land,R20_C30,-0.0,-0.0,none
Xinjiang,land,R20_C31,-0.0,-0.0,none
Xinjiang,land,R21_C15,-0.0,-0.0,none
Xinjiang,land,R21_C16,1.0,-0.0,power
Xinjiang,land,R21_C17,1.0,-0.0,power
Xinjiang,land,R21_C18,-0.0,-0.0,none
Xinjiang,land,R21_C19,-0.0,-0.0,none
Xinjiang,land,R21_C20,-0.0,-0.0,none
Xinjiang,land,R21_C21,-0.0,-0.0,none
Xinjiang,land,R21_C22,-0.0,-0.0,none
Xinjiang,land,R21_C23,-0.0,-0.0,none
Xinjiang,land,R21_C24,-0.0,-0.0,none
Xinjiang,land,R21_C25,-0.0,-0.0,none
Xinjiang,land,R21_C26,1.0,-0.0,power
Xinjiang,land,R21_C27,1.0,-0.0,power
Xinjiang,land,R21_C28,-0.0,1.0,chem
Xinjiang,land,R21_C29,-0.0,-0.0,none
Xinjiang,land,R21_C30,-0.0,-0.0,none
Xinjiang,land,R21_C31,-0.0,-0.0,none
Xinjiang,land,R21_C32,-0.0,-0.0,none
Xinjiang,land,R21_C33,-0.0,-0.0,none
Xinjiang,land,R21_C34,-0.0,-0.0,none
Xinjiang,land,R22_C15,-0.0,-0.0,none
Xinjiang,land,R22_C16,-0.0,-0.0,none
Xinjiang,land,R22_C17,-0.0,-0.0,none
Xinjiang,land,R22_C18,-0.0,-0.0,none
Xinjiang,land,R22_C19,-0.0,-0.0,none
Xinjiang,land,R22_C20,-0.0,-0.0,none
Xinjiang,land,R22_C21,-0.0,-0.0,none
Xinjiang,land,R22_C22,-0.0,0.0,none
Xinjiang,land,R22_C23,-0.0,-0.0,none
Xinjiang,land,R22_C24,-0.0,1.0,chem
Xinjiang,land,R22_C25,-0.0,1.0,chem
Xinjiang,land,R22_C26,1.0,-0.0,power
Xinjiang,land,R22_C27,-0.0,-0.0,none
Xinjiang,land,R22_C28,-0.0,-0.0,none
Xinjiang,land,R22_C29,-0.0,-0.0,none
Xinjiang,land,R22_C30,-0.0,-0.0,none
Xinjiang,land,R22_C31,-0.0,-0.0,none
Xinjiang,land,R22_C32,-0.0,-0.0,none
Xinjiang,land,R22_C33,1.0,-0.0,power
Xinjiang,land,R22_C34,-0.0,-0.0,none
Xinjiang,land,R22_C35,-0.0,-0.0,none
Xinjiang,land,R23_C14,-0.0,-0.0,none
Xinjiang,land,R23_C15,-0.0,-0.0,none
Xinjiang,land,R23_C16,-0.0,-0.0,none
Xinjiang,land,R23_C17,-0.0,-0.0,none
Xinjiang,land,R23_C18,-0.0,-0.0,none
Xinjiang,land,R23_C19,-0.0,0.0,none
Xinjiang,land,R23_C20,-0.0,-0.0,none
Xinjiang,land,R23_C21,-0.0,-0.0,none
Xinjiang,land,R23_C22,-0.0,-0.0,none
Xinjiang,land,R23_C23,-0.0,0.0,none
Xinjiang,land,R23_C24,-0.0,-0.0,none
Xinjiang,land,R23_C25,1.0,-0.0,power
Xinjiang,land,R23_C26,-0.0,1.0,chem
Xinjiang,land,R23_C27,-0.0,-0.0,none
Xinjiang,land,R23_C28,-0.0,-0.0,none
Xinjiang,land,R23_C29,-0.0,-0.0,none
Xinjiang,land,R23_C30,-0.0,-0.0,none
Xinjiang,land,R23_C31,-0.0,-0.0,none
Xinjiang,land,R23_C32,-0.0,-0.0,none
Xinjiang,land,R23_C33,-0.0,-0.0,none
Xinjiang,land,R23_C34,-0.0,-0.0,none
Xinjiang,land,R23_C35,-0.0,-0.0,none
Xinjiang,land,R23_C36,-0.0,-0.0,none
Xinjiang,land,R23_C37,-0.0,-0.0,none
Xinjiang,land,R24_C12,-0.0,-0.0,none
Xinjiang,land,R24_C13,-0.0,-0.0,none
Xinjiang,land,R24_C14,-0.0,-0.0,none
Xinjiang,land,R24_C15,-0.0,-0.0,none
Xinjiang,land,R24_C16,-0.0,-0.0,none
Xinjiang,land,R24_C17,-0.0,-0.0,none
Xinjiang,land,R24_C18,-0.0,-0.0,none
Xinjiang,land,R24_C19,-0.0,-0.0,none
Xinjiang,land,R24_C20,-0.0,-0.0,none
Xinjiang,land,R24_C21,-0.0,-0.0,none
Xinjiang,land,R24_C22,-0.0,-0.0,none
Xinjiang,land,R24_C23,-0.0,-0.0,none
Xinjiang,land,R24_C24,-0.0,1.0,chem
Xinjiang,land,R24_C25,-0.0,-0.0,none
Xinjiang,land,R24_C26,-0.0,-0.0,none
Xinjiang,land,R24_C27,-0.0,-0.0,none
Xinjiang,land,R24_C28,-0.0,-0.0,none
Xinjiang,land,R24_C29,-0.0,-0.0,none
Xinjiang,land,R24_C30,-0.0,-0.0,none
Xinjiang,land,R24_C31,-0.0,-0.0,none
Xinjiang,land,R24_C32,-0.0,-0.0,none
Xinjiang,land,R24_C33,-0.0,-0.0,none
Xinjiang,land,R24_C34,-0.0,-0.0,none
Xinjiang,land,R24_C35,-0.0,-0.0,none
Xinjiang,land,R24_C36,-0.0,-0.0,none
Xinjiang,land,R24_C37,-0.0,-0.0,none
Xinjiang,land,R25_C10,-0.0,-0.0,none
Xinjiang,land,R25_C11,-0.0,-0.0,none
Xinjiang,land,R25_C12,-0.0,-0.0,none
Xinjiang,land,R25_C13,-0.0,-0.0,none
Xinjiang,land,R25_C14,1.0,-0.0,power
Xinjiang,land,R25_C15,-0.0,-0.0,none
Xinjiang,land,R25_C16,-0.0,-0.0,none
Xinjiang,land,R25_C17,-0.0,-0.0,none
Xinjiang,land,R25_C18,-0.0,-0.0,none
Xinjiang,land,R25_C19,-0.0,-0.0,none
Xinjiang,land,R25_C20,-0.0,-0.0,none
Xinjiang,land,R25_C21,-0.0,-0.0,none
Xinjiang,land,R25_C22,-0.0,1.0,chem
Xinjiang,land,R25_C23,-0.0,-0.0,none
Xinjiang,land,R25_C24,-0.0,-0.0,none
Xinjiang,land,R25_C25,-0.0,-0.0,none
Xinjiang,land,R25_C26,-0.0,-0.0,none
Xinjiang,land,R25_C27,-0.0,-0.0,none
Xinjiang,land,R25_C28,-0.0,-0.0,none
Xinjiang,land,R25_C29,-0.0,-0.0,none
Xinjiang,land,R25_C30,-0.0,-0.0,none
Xinjiang,land,R25_C31,-0.0,-0.0,none
Xinjiang,land,R25_C32,-0.0,-0.0,none
Xinjiang,land,R25_C33,1.0,-0.0,power
Xinjiang,land,R25_C34,-0.0,-0.0,none
Xinjiang,land,R25_C35,-0.0,-0.0,none
Xinjiang,land,R25_C36,-0.0,-0.0,none
Xinjiang,land,R25_C37,-0.0,-0.0,none
Xinjiang,land,R25_C38,-0.0,-0.0,none
Xinjiang,land,R25_C4,1.0,-0.0,power
Xinjiang,land,R25_C7,-0.0,-0.0,none
Xinjiang,land,R25_C8,-0.0,-0.0,none
Xinjiang,land,R25_C9,-0.0,-0.0,none
Xinjiang,land,R26_C10,-0.0,-0.0,none
Xinjiang,land,R26_C11,-0.0,-0.0,none
Xinjiang,land,R26_C12,-0.0,-0.0,none
Xinjiang,land,R26_C13,-0.0,-0.0,none
Xinjiang,land,R26_C14,-0.0,-0.0,none
Xinjiang,land,R26_C15,1.0,-0.0,power
Xinjiang,land,R26_C16,-0.0,-0.0,none
Xinjiang,land,R26_C17,-0.0,-0.0,none
Xinjiang,land,R26_C18,-0.0,-0.0,none
Xinjiang,land,R26_C19,-0.0,0.0,none
Xinjiang,land,R26_C2,1.0,-0.0,power
Xinjiang,land,R26_C20,-0.0,-0.0,none
Xinjiang,land,R26_C21,1.0,-0.0,power
Xinjiang,land,R26_C22,1.0,-0.0,power
Xinjiang,land,R26_C23,-0.0,-0.0,none
Xinjiang,land,R26_C24,-0.0,-0.0,none
Xinjiang,land,R26_C25,-0.0,-0.0,none
Xinjiang,land,R26_C26,-0.0,-0.0,none
Xinjiang,land,R26_C27,-0.0,-0.0,none
Xinjiang,land,R26_C28,-0.0,-0.0,none
Xinjiang,land,R26_C29,-0.0,-0.0,none
Xinjiang,land,R26_C3,1.0,-0.0,power
Xinjiang,land,R26_C30,-0.0,-0.0,none
Xinjiang,land,R26_C31,-0.0,-0.0,none
Xinjiang,land,R26_C32,-0.0,-0.0,none
Xinjiang,land,R26_C33,-0.0,-0.0,none
Xinjiang,land,R26_C34,-0.0,-0.0,none
Xinjiang,land,R26_C35,-0.0,-0.0,none
Xinjiang,land,R26_C36,-0.0,-0.0,none
Xinjiang,land,R26_C37,-0.0,-0.0,none
Xinjiang,land,R26_C38,-0.0,-0.0,none
Xinjiang,land,R26_C4,-0.0,-0.0,none
Xinjiang,land,R26_C5,-0.0,-0.0,none
Xinjiang,land,R26_C6,-0.0,-0.0,none
Xinjiang,land,R26_C7,-0.0,-0.0,none
Xinjiang,land,R26_C8,-0.0,-0.0,none
Xinjiang,land,R26_C9,-0.0,-0.0,none
Xinjiang,land,R27_C10,-0.0,-0.0,none
Xinjiang,land,R27_C11,-0.0,-0.0,none
Xinjiang,land,R27_C12,-0.0,-0.0,none
Xinjiang,land,R27_C13,-0.0,-0.0,none
Xinjiang,land,R27_C14,-0.0,-0.0,none
Xinjiang,land,R27_C15,1.0,-0.0,power
Xinjiang,land,R27_C16,-0.0,-0.0,none
Xinjiang,land,R27_C17,-0.0,-0.0,none
Xinjiang,land,R27_C18,-0.0,-0.0,none
Xinjiang,land,R27_C19,-0.0,-0.0,none
Xinjiang,land,R27_C2,-0.0,-0.0,none
Xinjiang,land,R27_C20,-0.0,-0.0,none
Xinjiang,land,R27_C21,1.0,-0.0,power
Xinjiang,land,R27_C22,-0.0,1.0,chem
Xinjiang,land,R27_C23,-0.0,-0.0,none
Xinjiang,land,R27_C24,-0.0,-0.0,none
Xinjiang,land,R27_C25,-0.0,-0.0,none
Xinjiang,land,R27_C26,-0.0,-0.0,none
Xinjiang,land,R27_C27,-0.0,-0.0,none
Xinjiang,land,R27_C28,-0.0,-0.0,none
Xinjiang,land,R27_C29,-0.0,-0.0,none
Xinjiang,land,R27_C3,-0.0,-0.0,none
Xinjiang,land,R27_C30,-0.0,-0.0,none
Xinjiang,land,R27_C31,-0.0,-0.0,none
Xinjiang,land,R27_C32,-0.0,-0.0,none
Xinjiang,land,R27_C33,-0.0,-0.0,none
Xinjiang,land,R27_C34,-0.0,-0.0,none
Xinjiang,land,R27_C35,-0.0,-0.0,none
Xinjiang,land,R27_C36,-0.0,-0.0,none
Xinjiang,land,R27_C37,-0.0,-0.0,none
Xinjiang,land,R27_C38,-0.0,-0.0,none
Xinjiang,land,R27_C4,-0.0,-0.0,none
Xinjiang,land,R27_C5,-0.0,-0.0,none
Xinjiang,land,R27_C6,-0.0,-0.0,none
Xinjiang,land,R27_C7,-0.0,-0.0,none
Xinjiang,land,R27_C8,-0.0,-0.0,none
Xinjiang,land,R27_C9,-0.0,-0.0,none
Xinjiang,land,R28_C10,-0.0,-0.0,none
Xinjiang,land,R28_C11,-0.0,-0.0,none
Xinjiang,land,R28_C12,-0.0,-0.0,none
Xinjiang,land,R28_C13,-0.0,-0.0,none
Xinjiang,land,R28_C14,-0.0,-0.0,none
Xinjiang,land,R28_C15,-0.0,-0.0,none
Xinjiang,land,R28_C16,-0.0,-0.0,none
Xinjiang,land,R28_C17,-0.0,-0.0,none
Xinjiang,land,R28_C18,-0.0,-0.0,none
Xinjiang,land,R28_C19,-0.0,-0.0,none
Xinjiang,land,R28_C20,-0.0,-0.0,none
Xinjiang,land,R28_C21,-0.0,-0.0,none
Xinjiang,land,R28_C22,-0.0,-0.0,none
Xinjiang,land,R28_C23,-0.0,-0.0,none
Xinjiang,land,R28_C24,-0.0,-0.0,none
Xinjiang,land,R28_C25,-0.0,-0.0,none
Xinjiang,land,R28_C26,-0.0,-0.0,none
Xinjiang,land,R28_C27,-0.0,-0.0,none
Xinjiang,land,R28_C28,-0.0,-0.0,none
Xinjiang,land,R28_C29,-0.0,-0.0,none
Xinjiang,land,R28_C3,-0.0,-0.0,none
Xinjiang,land,R28_C30,-0.0,-0.0,none
Xinjiang,land,R28_C31,-0.0,-0.0,none
Xinjiang,land,R28_C32,0.0,0.0,none
Xinjiang,land,R28_C33,0.0,0.0,none
Xinjiang,land,R28_C34,-0.0,-0.0,none
Xinjiang,land,R28_C35,-0.0,-0.0,none
Xinjiang,land,R28_C36,-0.0,-0.0,none
Xinjiang,land,R28_C37,-0.0,-0.0,none
Xinjiang,land,R28_C38,-0.0,-0.0,none
Xinjiang,land,R28_C4,-0.0,-0.0,none
Xinjiang,land,R28_C5,1.0,-0.0,power
Xinjiang,land,R28_C6,1.0,-0.0,power
Xinjiang,land,R28_C7,-0.0,-0.0,none
Xinjiang,land,R28_C8,-0.0,-0.0,none
Xinjiang,land,R28_C9,-0.0,-0.0,none
Xinjiang,land,R29_C10,-0.0,-0.0,none
Xinjiang,land,R29_C11,-0.0,-0.0,none
Xinjiang,land,R29_C12,-0.0,-0.0,none
Xinjiang,land,R29_C13,-0.0,-0.0,none
Xinjiang,land,R29_C14,-0.0,-0.0,none
Xinjiang,land,R29_C15,-0.0,-0.0,none
Xinjiang,land,R29_C16,-0.0,-0.0,none
Xinjiang,land,R29_C17,-0.0,-0.0,none
Xinjiang,land,R29_C18,-0.0,-0.0,none
Xinjiang,land,R29_C19,-0.0,-0.0,none
Xinjiang,land,R29_C20,-0.0,-0.0,none
Xinjiang,land,R29_C21,-0.0,-0.0,none
Xinjiang,land,R29_C22,-0.0,-0.0,none
Xinjiang,land,R29_C23,-0.0,-0.0,none
Xinjiang,land,R29_C24,-0.0,-0.0,none
Xinjiang,land,R29_C25,-0.0,-0.0,none
Xinjiang,land,R29_C26,-0.0,-0.0,none
Xinjiang,land,R29_C27,-0.0,-0.0,none
Xinjiang,land,R29_C28,-0.0,0.0,none
Xinjiang,land,R29_C29,-0.0,-0.0,none
Xinjiang,land,R29_C3,-0.0,-0.0,none
Xinjiang,land,R29_C30,-0.0,-0.0,none
Xinjiang,land,R29_C31,-0.0,-0.0,none
Xinjiang,land,R29_C32,-0.0,-0.0,none
Xinjiang,land,R29_C33,0.0,0.0,none
Xinjiang,land,R29_C34,-0.0,-0.0,none
Xinjiang,land,R29_C35,-0.0,-0.0,none
Xinjiang,land,R29_C4,-0.0,-0.0,none
Xinjiang,land,R29_C5,1.0,-0.0,power
Xinjiang,land,R29_C6,1.0,-0.0,power
Xinjiang,land,R29_C7,-0.0,-0.0,none
Xinjiang,land,R29_C8,-0.0,-0.0,none
Xinjiang,land,R29_C9,-0.0,-0.0,none
Xinjiang,land,R30_C10,-0.0,-0.0,none
Xinjiang,land,R30_C11,-0.0,-0.0,none
Xinjiang,land,R30_C12,-0.0,-0.0,none
Xinjiang,land,R30_C13,-0.0,-0.0,none
Xinjiang,land,R30_C14,-0.0,-0.0,none
Xinjiang,land,R30_C15,-0.0,-0.0,none
Xinjiang,land,R30_C16,-0.0,-0.0,none
Xinjiang,land,R30_C17,-0.0,-0.0,none
Xinjiang,land,R30_C18,-0.0,-0.0,none
Xinjiang,land,R30_C19,-0.0,-0.0,none
Xinjiang,land,R30_C20,-0.0,-0.0,none
Xinjiang,land,R30_C21,-0.0,-0.0,none
Xinjiang,land,R30_C22,-0.0,-0.0,none
Xinjiang,land,R30_C23,-0.0,-0.0,none
Xinjiang,land,R30_C24,-0.0,-0.0,none
Xinjiang,land,R30_C25,-0.0,-0.0,none
Xinjiang,land,R30_C26,-0.0,-0.0,none
Xinjiang,land,R30_C27,-0.0,-0.0,none
Xinjiang,land,R30_C28,-0.0,0.0,none
Xinjiang,land,R30_C29,-0.0,-0.0,none
Xinjiang,land,R30_C3,-0.0,1.0,chem
Xinjiang,land,R30_C30,-0.0,-0.0,none
Xinjiang,land,R30_C31,-0.0,-0.0,none
Xinjiang,land,R30_C32,-0.0,-0.0,none
Xinjiang,land,R30_C33,-0.0,-0.0,none
Xinjiang,land,R30_C34,-0.0,-0.0,none
Xinjiang,land,R30_C4,-0.0,-0.0,none
Xinjiang,land,R30_C5,-0.0,-0.0,none
Xinjiang,land,R30_C6,-0.0,-0.0,none
Xinjiang,land,R30_C7,-0.0,-0.0,none
Xinjiang,land,R30_C8,-0.0,-0.0,none
Xinjiang,land,R30_C9,-0.0,-0.0,none
Xinjiang,land,R31_C10,-0.0,-0.0,none
Xinjiang,land,R31_C11,-0.0,-0.0,none
Xinjiang,land,R31_C12,-0.0,-0.0,none
Xinjiang,land,R31_C13,-0.0,-0.0,none
Xinjiang,land,R31_C14,-0.0,-0.0,none
Xinjiang,land,R31_C15,-0.0,-0.0,none
Xinjiang,land,R31_C16,1.0,-0.0,power
Xinjiang,land,R31_C17,-0.0,-0.0,none
Xinjiang,land,R31_C18,-0.0,-0.0,none
Xinjiang,land,R31_C19,-0.0,-0.0,none
Xinjiang,land,R31_C20,-0.0,-0.0,none
Xinjiang,land,R31_C21,-0.0,-0.0,none
Xinjiang,land,R31_C22,-0.0,-0.0,none
Xinjiang,land,R31_C23,-0.0,-0.0,none
Xinjiang,land,R31_C24,-0.0,-0.0,none
Xinjiang,land,R31_C25,-0.0,-0.0,none
Xinjiang,land,R31_C26,-0.0,-0.0,none
Xinjiang,land,R31_C27,-0.0,-0.0,none
Xinjiang,land,R31_C28,-0.0,-0.0,none
Xinjiang,land,R31_C29,-0.0,-0.0,none
Xinjiang,land,R31_C3,-0.0,-0.0,none
Xinjiang,land,R31_C30,-0.0,-0.0,none
Xinjiang,land,R31_C31,-0.0,-0.0,none
Xinjiang,land,R31_C32,0.0,0.0,none
Xinjiang,land,R31_C4,-0.0,-0.0,none
Xinjiang,land,R31_C5,-0.0,1.0,chem
Xinjiang,land,R31_C6,-0.0,-0.0,none
Xinjiang,land,R31_C7,-0.0,-0.0,none
Xinjiang,land,R31_C8,-0.0,-0.0,none
Xinjiang,land,R31_C9,-0.0,-0.0,none
Xinjiang,land,R32_C10,1.0,-0.0,power
Xinjiang,land,R32_C11,-0.0,-0.0,none
Xinjiang,land,R32_C12,-0.0,-0.0,none
Xinjiang,land,R32_C13,-0.0,-0.0,none
Xinjiang,land,R32_C14,-0.0,-0.0,none
Xinjiang,land,R32_C15,1.0,-0.0,power
Xinjiang,land,R32_C16,0.0,-0.0,none
Xinjiang,land,R32_C17,-0.0,-0.0,none
Xinjiang,land,R32_C18,-0.0,-0.0,none
Xinjiang,land,R32_C19,-0.0,-0.0,none
Xinjiang,land,R32_C20,-0.0,-0.0,none
Xinjiang,land,R32_C21,-0.0,-0.0,none
Xinjiang,land,R32_C22,-0.0,-0.0,none
Xinjiang,land,R32_C23,-0.0,-0.0,none
Xinjiang,land,R32_C24,-0.0,-0.0,none
Xinjiang,land,R32_C25,-0.0,-0.0,none
Xinjiang,land,R32_C26,-0.0,-0.0,none
Xinjiang,land,R32_C27,-0.0,-0.0,none
Xinjiang,land,R32_C28,-0.0,-0.0,none
Xinjiang,land,R32_C29,-0.0,-0.0,none
Xinjiang,land,R32_C3,-0.0,-0.0,none
Xinjiang,land,R32_C30,-0.0,-0.0,none
Xinjiang,land,R32_C31,-0.0,-0.0,none
Xinjiang,land,R32_C32,0.0,0.0,none
Xinjiang,land,R32_C4,-0.0,-0.0,none
Xinjiang,land,R32_C5,-0.0,-0.0,none
Xinjiang,land,R32_C6,-0.0,-0.0,none
Xinjiang,land,R32_C7,-0.0,1.0,chem
Xinjiang,land,R32_C8,-0.0,-0.0,none
Xinjiang,land,R32_C9,-0.0,-0.0,none
Xinjiang,land,R33_C10,-0.0,-0.0,none
Xinjiang,land,R33_C11,0.0,-0.0,none
Xinjiang,land,R33_C12,-0.0,-0.0,none
Xinjiang,land,R33_C13,-0.0,-0.0,none
Xinjiang,land,R33_C14,-0.0,-0.0,none
Xinjiang,land,R33_C15,-0.0,-0.0,none
Xinjiang,land,R33_C16,-0.0,-0.0,none
Xinjiang,land,R33_C17,-0.0,-0.0,none
Xinjiang,land,R33_C18,-0.0,-0.0,none
Xinjiang,land,R33_C19,-0.0,-0.0,none
Xinjiang,land,R33_C20,-0.0,-0.0,none
Xinjiang,land,R33_C21,-0.0,-0.0,none
Xinjiang,land,R33_C22,-0.0,-0.0,none
Xinjiang,land,R33_C23,-0.0,-0.0,none
Xinjiang,land,R33_C24,-0.0,-0.0,none
Xinjiang,land,R33_C25,-0.0,-0.0,none
Xinjiang,land,R33_C26,-0.0,-0.0,none
Xinjiang,land,R33_C27,-0.0,-0.0,none
Xinjiang,land,R33_C28,-0.0,-0.0,none
Xinjiang,land,R33_C29,0.0,0.0,none
Xinjiang,land,R33_C30,-0.0,-0.0,none
Xinjiang,land,R33_C31,-0.0,-0.0,none
Xinjiang,land,R33_C4,-0.0,-0.0,none
Xinjiang,land,R33_C5,-0.0,-0.0,none
Xinjiang,land,R33_C6,-0.0,-0.0,none
Xinjiang,land,R33_C7,-0.0,-0.0,none
Xinjiang,land,R33_C8,-0.0,-0.0,none
Xinjiang,land,R33_C9,-0.0,-0.0,none
Xinjiang,land,R34_C10,1.0,-0.0,power
Xinjiang,land,R34_C11,-0.0,-0.0,none
Xinjiang,land,R34_C12,-0.0,-0.0,none
Xinjiang,land,R34_C13,-0.0,-0.0,none
Xinjiang,land,R34_C14,-0.0,-0.0,none
Xinjiang,land,R34_C15,-0.0,-0.0,none
Xinjiang,land,R34_C16,-0.0,-0.0,none
Xinjiang,land,R34_C17,-0.0,-0.0,none
Xinjiang,land,R34_C18,-0.0,-0.0,none
Xinjiang,land,R34_C19,-0.0,-0.0,none
Xinjiang,land,R34_C20,-0.0,-0.0,none
Xinjiang,land,R34_C21,-0.0,-0.0,none
Xinjiang,land,R34_C22,-0.0,-0.0,none
Xinjiang,land,R34_C23,-0.0,-0.0,none
Xinjiang,land,R34_C24,-0.0,-0.0,none
Xinjiang,land,R34_C25,-0.0,-0.0,none
Xinjiang,land,R34_C26,-0.0,-0.0,none
Xinjiang,land,R34_C27,-0.0,-0.0,none
Xinjiang,land,R34_C28,-0.0,-0.0,none
Xinjiang,land,R34_C29,-0.0,-0.0,none
Xinjiang,land,R34_C30,-0.0,-0.0,none
Xinjiang,land,R34_C4,-0.0,-0.0,none
Xinjiang,land,R34_C5,-0.0,-0.0,none
Xinjiang,land,R34_C6,-0.0,-0.0,none
Xinjiang,land,R34_C7,-0.0,-0.0,none
Xinjiang,land,R34_C8,-0.0,-0.0,none
Xinjiang,land,R34_C9,-0.0,-0.0,none
Xinjiang,land,R35_C10,-0.0,-0.0,none
Xinjiang,land,R35_C11,-0.0,-0.0,none
Xinjiang,land,R35_C12,-0.0,-0.0,none
Xinjiang,land,R35_C13,-0.0,-0.0,none
Xinjiang,land,R35_C14,-0.0,-0.0,none
Xinjiang,land,R35_C15,-0.0,-0.0,none
Xinjiang,land,R35_C16,-0.0,-0.0,none
Xinjiang,land,R35_C17,-0.0,-0.0,none
Xinjiang,land,R35_C18,-0.0,-0.0,none
Xinjiang,land,R35_C19,-0.0,-0.0,none
Xinjiang,land,R35_C20,-0.0,-0.0,none
Xinjiang,land,R35_C21,-0.0,-0.0,none
Xinjiang,land,R35_C22,-0.0,-0.0,none
Xinjiang,land,R35_C23,-0.0,-0.0,none
Xinjiang,land,R35_C24,-0.0,-0.0,none
Xinjiang,land,R35_C25,-0.0,-0.0,none
Xinjiang,land,R35_C26,-0.0,-0.0,none
Xinjiang,land,R35_C27,-0.0,-0.0,none
Xinjiang,land,R35_C28,-0.0,-0.0,none
Xinjiang,land,R35_C4,-0.0,-0.0,none
Xinjiang,land,R35_C5,-0.0,-0.0,none
Xinjiang,land,R35_C6,-0.0,-0.0,none
Xinjiang,land,R35_C7,-0.0,-0.0,none
Xinjiang,land,R35_C8,-0.0,-0.0,none
Xinjiang,land,R35_C9,-0.0,-0.0,none
Xinjiang,land,R36_C10,-0.0,-0.0,none
Xinjiang,land,R36_C11,-0.0,-0.0,none
Xinjiang,land,R36_C12,-0.0,-0.0,none
Xinjiang,land,R36_C13,-0.0,-0.0,none
Xinjiang,land,R36_C14,-0.0,-0.0,none
Xinjiang,land,R36_C15,-0.0,-0.0,none
Xinjiang,land,R36_C16,-0.0,-0.0,none
Xinjiang,land,R36_C17,-0.0,-0.0,none
Xinjiang,land,R36_C18,-0.0,-0.0,none
Xinjiang,land,R36_C19,-0.0,-0.0,none
Xinjiang,land,R36_C20,-0.0,-0.0,none
Xinjiang,land,R36_C21,-0.0,-0.0,none
Xinjiang,land,R36_C22,-0.0,-0.0,none
Xinjiang,land,R36_C23,-0.0,-0.0,none
Xinjiang,land,R36_C24,-0.0,-0.0,none
Xinjiang,land,R36_C25,-0.0,-0.0,none
Xinjiang,land,R36_C26,-0.0,-0.0,none
Xinjiang,land,R36_C27,-0.0,-0.0,none
Xinjiang,land,R36_C28,-0.0,-0.0,none
Xinjiang,land,R36_C5,-0.0,-0.0,none
Xinjiang,land,R36_C6,-0.0,1.0,chem
Xinjiang,land,R36_C7,-0.0,-0.0,none
Xinjiang,land,R36_C8,-0.0,-0.0,none
Xinjiang,land,R36_C9,-0.0,-0.0,none
Xinjiang,land,R37_C10,-0.0,-0.0,none
Xinjiang,land,R37_C11,-0.0,-0.0,none
Xinjiang,land,R37_C12,-0.0,-0.0,none
Xinjiang,land,R37_C13,-0.0,-0.0,none
Xinjiang,land,R37_C14,-0.0,-0.0,none
Xinjiang,land,R37_C15,-0.0,-0.0,none
Xinjiang,land,R37_C16,-0.0,-0.0,none
Xinjiang,land,R37_C17,-0.0,-0.0,none
Xinjiang,land,R37_C18,-0.0,-0.0,none
Xinjiang,land,R37_C19,-0.0,-0.0,none
Xinjiang,land,R37_C20,-0.0,-0.0,none
Xinjiang,land,R37_C21,-0.0,-0.0,none
Xinjiang,land,R37_C22,0.0,0.0,none
Xinjiang,land,R37_C23,0.0,0.0,none
Xinjiang,land,R37_C24,0.0,0.0,none
Xinjiang,land,R37_C25,0.0,0.0,none
Xinjiang,land,R37_C26,0.0,0.0,none
Xinjiang,land,R37_C27,0.0,0.0,none
Xinjiang,land,R37_C28,-0.0,-0.0,none
Xinjiang,land,R37_C7,-0.0,-0.0,none
Xinjiang,land,R37_C8,-0.0,-0.0,none
Xinjiang,land,R37_C9,-0.0,-0.0,none
Xinjiang,land,R38_C10,-0.0,-0.0,none
Xinjiang,land,R38_C11,-0.0,-0.0,none
Xinjiang,land,R38_C12,-0.0,-0.0,none
Xinjiang,land,R38_C13,-0.0,-0.0,none
Xinjiang,land,R38_C14,-0.0,-0.0,none
Xinjiang,land,R38_C15,-0.0,-0.0,none
Xinjiang,land,R38_C16,-0.0,-0.0,none
Xinjiang,land,R38_C17,-0.0,-0.0,none
Xinjiang,land,R38_C18,0.0,0.0,none
Xinjiang,land,R38_C19,0.0,0.0,none
Xinjiang,land,R38_C20,0.0,0.0,none
Xinjiang,land,R38_C21,0.0,0.0,none
Xinjiang,land,R38_C22,0.0,0.0,none
Xinjiang,land,R38_C23,0.0,0.0,none
Xinjiang,land,R38_C24,-0.0,-0.0,none
Xinjiang,land,R38_C25,0.0,0.0,none
Xinjiang,land,R38_C26,0.0,0.0,none
Xinjiang,land,R38_C27,0.0,0.0,none
Xinjiang,land,R38_C28,-0.0,-0.0,none
Xinjiang,land,R38_C29,-0.0,-0.0,none
Xinjiang,land,R38_C6,-0.0,-0.0,none
Xinjiang,land,R38_C7,0.0,0.0,none
Xinjiang,land,R38_C8,-0.0,-0.0,none
Xinjiang,land,R38_C9,1.0,-0.0,power
Xinjiang,land,R39_C15,-0.0,-0.0,none
Xinjiang,land,R39_C16,-0.0,-0.0,none
Xinjiang,land,R39_C17,-0.0,-0.0,none
Xinjiang,land,R39_C18,-0.0,-0.0,none
Xinjiang,land,R39_C19,0.0,0.0,none
Xinjiang,land,R39_C25,-0.0,-0.0,none
Xinjiang,land,R39_C26,-0.0,-0.0,none
Xinjiang,land,R39_C27,-0.0,-0.0,none
Xinjiang,land,R39_C28,-0.0,-0.0,none
Xinjiang,land,R39_C7,0.0,0.0,none
Xinjiang,land,R39_C8,-0.0,-0.0,none
Xinjiang,land,R40_C28,-0.0,-0.0,none
